image_file,plate,house,room,full_path
057-043-x.png,057-043-x,House_12,Room_94,/Users/saraeichner/Desktop/github/mohenjo-daro/Block_9/House_12/Room_94/057-043-x.png
058-005-x.png,058-005-x,House_12,Room_90,/Users/saraeichner/Desktop/github/mohenjo-daro/Block_9/House_12/Room_90/058-005-x.png
078-009-x.png,078-009-x,House_12,Room_90,/Users/saraeichner/Desktop/github/mohenjo-daro/Block_9/House_12/Room_90/078-009-x.png
073-005-x.png,073-005-x,House_2,Room_8,/Users/saraeichner/Desktop/github/mohenjo-daro/Block_9/House_2/Room_8/073-005-x.png
079-006-x.png,079-006-x,House_2,Room_9,/Users/saraeichner/Desktop/github/mohenjo-daro/Block_9/House_2/Room_9/079-006-x.png
055-010-x.png,055-010-x,House_2,Room_9,/Users/saraeichner/Desktop/github/mohenjo-daro/Block_9/House_2/Room_9/055-010-x.png
056-049-x.png,056-049-x,House_2,Room_11,/Users/saraeichner/Desktop/github/mohenjo-daro/Block_9/House_2/Room_11/056-049-x.png
081-018-x.png,081-018-x,House_2,Room_11,/Users/saraeichner/Desktop/github/mohenjo-daro/Block_9/House_2/Room_11/081-018-x.png
056-023-x.png,056-023-x,House_2,Room_11,/Users/saraeichner/Desktop/github/mohenjo-daro/Block_9/House_2/Room_11/056-023-x.png
062-051-x.png,062-051-x,House_5,Room_0,/Users/saraeichner/Desktop/github/mohenjo-daro/Block_9/House_5/Room_0/062-051-x.png
068-016-x.png,068-016-x,House_5,Room_68,/Users/saraeichner/Desktop/github/mohenjo-daro/Block_9/House_5/Room_68/068-016-x.png
068-017-x.png,068-017-x,House_5,Room_68,/Users/saraeichner/Desktop/github/mohenjo-daro/Block_9/House_5/Room_68/068-017-x.png
068-024-x.png,068-024-x,House_5,Room_68,/Users/saraeichner/Desktop/github/mohenjo-daro/Block_9/House_5/Room_68/068-024-x.png
068-019-x.png,068-019-x,House_5,Room_68,/Users/saraeichner/Desktop/github/mohenjo-daro/Block_9/House_5/Room_68/068-019-x.png
068-026-x.png,068-026-x,House_5,Room_68,/Users/saraeichner/Desktop/github/mohenjo-daro/Block_9/House_5/Room_68/068-026-x.png
068-022-x.png,068-022-x,House_5,Room_68,/Users/saraeichner/Desktop/github/mohenjo-daro/Block_9/House_5/Room_68/068-022-x.png
068-020-x.png,068-020-x,House_5,Room_68,/Users/saraeichner/Desktop/github/mohenjo-daro/Block_9/House_5/Room_68/068-020-x.png
068-018-x.png,068-018-x,House_5,Room_68,/Users/saraeichner/Desktop/github/mohenjo-daro/Block_9/House_5/Room_68/068-018-x.png
068-025-x.png,068-025-x,House_5,Room_68,/Users/saraeichner/Desktop/github/mohenjo-daro/Block_9/House_5/Room_68/068-025-x.png
068-021-x.png,068-021-x,House_5,Room_68,/Users/saraeichner/Desktop/github/mohenjo-daro/Block_9/House_5/Room_68/068-021-x.png
068-023-x.png,068-023-x,House_5,Room_68,/Users/saraeichner/Desktop/github/mohenjo-daro/Block_9/House_5/Room_68/068-023-x.png
057-016-x.png,057-016-x,House_5,Room_78,/Users/saraeichner/Desktop/github/mohenjo-daro/Block_9/House_5/Room_78/057-016-x.png
067-010-x.png,067-010-x,House_5,Room_64,/Users/saraeichner/Desktop/github/mohenjo-daro/Block_9/House_5/Room_64/067-010-x.png
067-009-x.png,067-009-x,House_5,Room_64,/Users/saraeichner/Desktop/github/mohenjo-daro/Block_9/House_5/Room_64/067-009-x.png
067-011-x.png,067-011-x,House_5,Room_64,/Users/saraeichner/Desktop/github/mohenjo-daro/Block_9/House_5/Room_64/067-011-x.png
077-015-x.png,077-015-x,House_4,Room_6,/Users/saraeichner/Desktop/github/mohenjo-daro/Block_9/House_4/Room_6/077-015-x.png
056-030-x.png,056-030-x,House_4,Room_7,/Users/saraeichner/Desktop/github/mohenjo-daro/Block_9/House_4/Room_7/056-030-x.png
055-001-x.png,055-001-x,House_4,Room_7,/Users/saraeichner/Desktop/github/mohenjo-daro/Block_9/House_4/Room_7/055-001-x.png
055-003-x.png,055-003-x,House_4,Room_7,/Users/saraeichner/Desktop/github/mohenjo-daro/Block_9/House_4/Room_7/055-003-x.png
058-001-x.png,058-001-x,House_4,Room_7,/Users/saraeichner/Desktop/github/mohenjo-daro/Block_9/House_4/Room_7/058-001-x.png
056-050-x.png,056-050-x,House_4,Room_7,/Users/saraeichner/Desktop/github/mohenjo-daro/Block_9/House_4/Room_7/056-050-x.png
055-041-x.png,055-041-x,House_4,Room_7,/Users/saraeichner/Desktop/github/mohenjo-daro/Block_9/House_4/Room_7/055-041-x.png
055-030-x.png,055-030-x,House_4,Room_7,/Users/saraeichner/Desktop/github/mohenjo-daro/Block_9/House_4/Room_7/055-030-x.png
054-012-x.png,054-012-x,House_4,Room_72,/Users/saraeichner/Desktop/github/mohenjo-daro/Block_9/House_4/Room_72/054-012-x.png
056-056-x.png,056-056-x,House_4,Room_4,/Users/saraeichner/Desktop/github/mohenjo-daro/Block_9/House_4/Room_4/056-056-x.png
056-055-x.png,056-055-x,House_4,Room_40,/Users/saraeichner/Desktop/github/mohenjo-daro/Block_9/House_4/Room_40/056-055-x.png
068-013-x.png,068-013-x,House_3,Room_0,/Users/saraeichner/Desktop/github/mohenjo-daro/Block_9/House_3/Room_0/068-013-x.png
068-004-x.png,068-004-x,House_3,Room_11,/Users/saraeichner/Desktop/github/mohenjo-daro/Block_9/House_3/Room_11/068-004-x.png
070-038-x.png,070-038-x,House_3,Room_29,/Users/saraeichner/Desktop/github/mohenjo-daro/Block_9/House_3/Room_29/070-038-x.png
077-018-x.png,077-018-x,House_3,Room_29,/Users/saraeichner/Desktop/github/mohenjo-daro/Block_9/House_3/Room_29/077-018-x.png
070-039-x.png,070-039-x,House_3,Room_29,/Users/saraeichner/Desktop/github/mohenjo-daro/Block_9/House_3/Room_29/070-039-x.png
056-014-x.png,056-014-x,House_3,Room_35,/Users/saraeichner/Desktop/github/mohenjo-daro/Block_9/House_3/Room_35/056-014-x.png
070-031-x.png,070-031-x,House_3,Room_35,/Users/saraeichner/Desktop/github/mohenjo-daro/Block_9/House_3/Room_35/070-031-x.png
070-034-x.png,070-034-x,House_3,Room_35,/Users/saraeichner/Desktop/github/mohenjo-daro/Block_9/House_3/Room_35/070-034-x.png
061-027-x.png,061-027-x,House_3,Room_35,/Users/saraeichner/Desktop/github/mohenjo-daro/Block_9/House_3/Room_35/061-027-x.png
079-011-x.png,079-011-x,House_3,Room_35,/Users/saraeichner/Desktop/github/mohenjo-daro/Block_9/House_3/Room_35/079-011-x.png
068-001-X.png,068-001-x,House_3,Room_40,/Users/saraeichner/Desktop/github/mohenjo-daro/Block_9/House_3/Room_40/068-001-X.png
066-008-x.png,066-008-x,House_3,Room_52,/Users/saraeichner/Desktop/github/mohenjo-daro/Block_9/House_3/Room_52/066-008-x.png
057-003-x.png,057-003-x,House_3,Room_52,/Users/saraeichner/Desktop/github/mohenjo-daro/Block_9/House_3/Room_52/057-003-x.png
066-053-x.png,066-053-x,House_3,Room_52,/Users/saraeichner/Desktop/github/mohenjo-daro/Block_9/House_3/Room_52/066-053-x.png
055-021-x.png,055-021-x,House_3,Room_39,/Users/saraeichner/Desktop/github/mohenjo-daro/Block_9/House_3/Room_39/055-021-x.png
069-003-x.png,069-003-x,House_3,Room_30,/Users/saraeichner/Desktop/github/mohenjo-daro/Block_9/House_3/Room_30/069-003-x.png
069-001-x.png,069-001-x,House_3,Room_30,/Users/saraeichner/Desktop/github/mohenjo-daro/Block_9/House_3/Room_30/069-001-x.png
072-008-x.png,072-008-x,House_3,Room_30,/Users/saraeichner/Desktop/github/mohenjo-daro/Block_9/House_3/Room_30/072-008-x.png
056-002-x.png,056-002-x,House_3,Room_30,/Users/saraeichner/Desktop/github/mohenjo-daro/Block_9/House_3/Room_30/056-002-x.png
072-010-x.png,072-010-x,House_3,Room_30,/Users/saraeichner/Desktop/github/mohenjo-daro/Block_9/House_3/Room_30/072-010-x.png
072-009-x.png,072-009-x,House_3,Room_30,/Users/saraeichner/Desktop/github/mohenjo-daro/Block_9/House_3/Room_30/072-009-x.png
058-011-x.png,058-011-x,House_11,Room_70,/Users/saraeichner/Desktop/github/mohenjo-daro/Block_9/House_11/Room_70/058-011-x.png
072-003-x.png,072-003-x,House_10,Room_81,/Users/saraeichner/Desktop/github/mohenjo-daro/Block_9/House_10/Room_81/072-003-x.png
055-024-x.png,055-024-x,House_10,Room_81,/Users/saraeichner/Desktop/github/mohenjo-daro/Block_9/House_10/Room_81/055-024-x.png
073-010-x.png,073-010-x,House_10,Room_81,/Users/saraeichner/Desktop/github/mohenjo-daro/Block_9/House_10/Room_81/073-010-x.png
073-009-x.png,073-009-x,House_10,Room_81,/Users/saraeichner/Desktop/github/mohenjo-daro/Block_9/House_10/Room_81/073-009-x.png
073-011-x.png,073-011-x,House_10,Room_81,/Users/saraeichner/Desktop/github/mohenjo-daro/Block_9/House_10/Room_81/073-011-x.png
056-018-x.png,056-018-x,House_10,Room_81,/Users/saraeichner/Desktop/github/mohenjo-daro/Block_9/House_10/Room_81/056-018-x.png
074-011-x.png,074-011-x,House_10,Room_85,/Users/saraeichner/Desktop/github/mohenjo-daro/Block_9/House_10/Room_85/074-011-x.png
057-028-x.png,057-028-x,House_10,Room_83,/Users/saraeichner/Desktop/github/mohenjo-daro/Block_9/House_10/Room_83/057-028-x.png
057-031-x.png,057-031-x,House_10,Room_83,/Users/saraeichner/Desktop/github/mohenjo-daro/Block_9/House_10/Room_83/057-031-x.png
057-029-x.png,057-029-x,House_10,Room_83,/Users/saraeichner/Desktop/github/mohenjo-daro/Block_9/House_10/Room_83/057-029-x.png
057-030-x.png,057-030-x,House_10,Room_83,/Users/saraeichner/Desktop/github/mohenjo-daro/Block_9/House_10/Room_83/057-030-x.png
077-003-x.png,077-003-x,House_10,Room_83,/Users/saraeichner/Desktop/github/mohenjo-daro/Block_9/House_10/Room_83/077-003-x.png
058-007-x.png,058-007-x,House_10,Room_55,/Users/saraeichner/Desktop/github/mohenjo-daro/Block_9/House_10/Room_55/058-007-x.png
054-005-x.png,054-005-x,House_10,Room_55,/Users/saraeichner/Desktop/github/mohenjo-daro/Block_9/House_10/Room_55/054-005-x.png
067-025-x.png,067-025-x,House_6,Room_0,/Users/saraeichner/Desktop/github/mohenjo-daro/Block_9/House_6/Room_0/067-025-x.png
070-014-x.png,070-014-x,House_6,Room_0,/Users/saraeichner/Desktop/github/mohenjo-daro/Block_9/House_6/Room_0/070-014-x.png
060-054-x.png,060-054-x,House_6,Room_0,/Users/saraeichner/Desktop/github/mohenjo-daro/Block_9/House_6/Room_0/060-054-x.png
075-010-x.png,075-010-x,House_6,Room_34,/Users/saraeichner/Desktop/github/mohenjo-daro/Block_9/House_6/Room_34/075-010-x.png
055-014-x.png,055-014-x,House_6,Room_34,/Users/saraeichner/Desktop/github/mohenjo-daro/Block_9/House_6/Room_34/055-014-x.png
060-025-x.png,060-025-x,House_6,Room_32,/Users/saraeichner/Desktop/github/mohenjo-daro/Block_9/House_6/Room_32/060-025-x.png
055-026-x.png,055-026-x,House_6,Room_32,/Users/saraeichner/Desktop/github/mohenjo-daro/Block_9/House_6/Room_32/055-026-x.png
060-028-x.png,060-028-x,House_6,Room_32,/Users/saraeichner/Desktop/github/mohenjo-daro/Block_9/House_6/Room_32/060-028-x.png
062-046-x.png,062-046-x,House_6,Room_32,/Users/saraeichner/Desktop/github/mohenjo-daro/Block_9/House_6/Room_32/062-046-x.png
056-025-x.png,056-025-x,House_6,Room_32,/Users/saraeichner/Desktop/github/mohenjo-daro/Block_9/House_6/Room_32/056-025-x.png
056-015-x.png,056-015-x,House_6,Room_78,/Users/saraeichner/Desktop/github/mohenjo-daro/Block_9/House_6/Room_78/056-015-x.png
060-047-x.png,060-047-x,House_6,Room_78,/Users/saraeichner/Desktop/github/mohenjo-daro/Block_9/House_6/Room_78/060-047-x.png
069-002-x.png,069-002-x,House_6,Room_78,/Users/saraeichner/Desktop/github/mohenjo-daro/Block_9/House_6/Room_78/069-002-x.png
076-002-x.png,076-002-x,House_6,Room_78,/Users/saraeichner/Desktop/github/mohenjo-daro/Block_9/House_6/Room_78/076-002-x.png
056-027-x.png,056-027-x,House_6,Room_78,/Users/saraeichner/Desktop/github/mohenjo-daro/Block_9/House_6/Room_78/056-027-x.png
059-022-x.png,059-022-x,House_6,Room_79,/Users/saraeichner/Desktop/github/mohenjo-daro/Block_9/House_6/Room_79/059-022-x.png
059-023-x.png,059-023-x,House_6,Room_79,/Users/saraeichner/Desktop/github/mohenjo-daro/Block_9/House_6/Room_79/059-023-x.png
058-014-x.png,058-014-x,House_6,Room_41,/Users/saraeichner/Desktop/github/mohenjo-daro/Block_9/House_6/Room_41/058-014-x.png
059-024-x.png,059-024-x,House_6,Room_39,/Users/saraeichner/Desktop/github/mohenjo-daro/Block_9/House_6/Room_39/059-024-x.png
059-025-x.png,059-025-x,House_6,Room_39,/Users/saraeichner/Desktop/github/mohenjo-daro/Block_9/House_6/Room_39/059-025-x.png
067-018-x.png,067-018-x,House_6,Room_36,/Users/saraeichner/Desktop/github/mohenjo-daro/Block_9/House_6/Room_36/067-018-x.png
062-030-x.png,062-030-x,House_6,Room_36,/Users/saraeichner/Desktop/github/mohenjo-daro/Block_9/House_6/Room_36/062-030-x.png
057-025-x.png,057-025-x,House_6,Room_36,/Users/saraeichner/Desktop/github/mohenjo-daro/Block_9/House_6/Room_36/057-025-x.png
069-005-x.png,069-005-x,House_6,Room_38,/Users/saraeichner/Desktop/github/mohenjo-daro/Block_9/House_6/Room_38/069-005-x.png
069-004-x.png,069-004-x,House_6,Room_38,/Users/saraeichner/Desktop/github/mohenjo-daro/Block_9/House_6/Room_38/069-004-x.png
056-020-x.png,056-020-x,House_1,Room_27,/Users/saraeichner/Desktop/github/mohenjo-daro/Block_9/House_1/Room_27/056-020-x.png
056-021-x.png,056-021-x,House_1,Room_27,/Users/saraeichner/Desktop/github/mohenjo-daro/Block_9/House_1/Room_27/056-021-x.png
057-018-x.png,057-018-x,House_1,Room_34,/Users/saraeichner/Desktop/github/mohenjo-daro/Block_9/House_1/Room_34/057-018-x.png
077-020-x.png,077-020-x,House_1,Room_47,/Users/saraeichner/Desktop/github/mohenjo-daro/Block_9/House_1/Room_47/077-020-x.png
055-029-x.png,055-029-x,House_1,Room_23,/Users/saraeichner/Desktop/github/mohenjo-daro/Block_9/House_1/Room_23/055-029-x.png
057-001-x.png,057-001-x,House_1,Room_37,/Users/saraeichner/Desktop/github/mohenjo-daro/Block_9/House_1/Room_37/057-001-x.png
069-010-x.png,069-010-x,House_1,Room_31,/Users/saraeichner/Desktop/github/mohenjo-daro/Block_9/House_1/Room_31/069-010-x.png
055-019-x.png,055-019-x,House_8,Room_21,/Users/saraeichner/Desktop/github/mohenjo-daro/Block_9/House_8/Room_21/055-019-x.png
069-006-x.png,069-006-x,House_8,Room_21,/Users/saraeichner/Desktop/github/mohenjo-daro/Block_9/House_8/Room_21/069-006-x.png
057-002-x.png,057-002-x,House_8,Room_21,/Users/saraeichner/Desktop/github/mohenjo-daro/Block_9/House_8/Room_21/057-002-x.png
062-049-x.png,062-049-x,House_8,Room_17,/Users/saraeichner/Desktop/github/mohenjo-daro/Block_9/House_8/Room_17/062-049-x.png
055-022-x.png,055-022-x,House_8,Room_10,/Users/saraeichner/Desktop/github/mohenjo-daro/Block_9/House_8/Room_10/055-022-x.png
056-009-x.png,056-009-x,House_8,Room_20,/Users/saraeichner/Desktop/github/mohenjo-daro/Block_9/House_8/Room_20/056-009-x.png
078-002-x.png,078-002-x,House_8,Room_20,/Users/saraeichner/Desktop/github/mohenjo-daro/Block_9/House_8/Room_20/078-002-x.png
056-007-x.png,056-007-x,House_8,Room_20,/Users/saraeichner/Desktop/github/mohenjo-daro/Block_9/House_8/Room_20/056-007-x.png
081-017-x.png,081-017-x,House_8,Room_18,/Users/saraeichner/Desktop/github/mohenjo-daro/Block_9/House_8/Room_18/081-017-x.png
074-022-x.png,074-022-x,House_8,Room_18,/Users/saraeichner/Desktop/github/mohenjo-daro/Block_9/House_8/Room_18/074-022-x.png
079-008-x.png,079-008-x,House_8,Room_18,/Users/saraeichner/Desktop/github/mohenjo-daro/Block_9/House_8/Room_18/079-008-x.png
076-001-x.png,076-001-x,House_8,Room_18,/Users/saraeichner/Desktop/github/mohenjo-daro/Block_9/House_8/Room_18/076-001-x.png
076-026-x.png,076-026-x,House_8,Room_18,/Users/saraeichner/Desktop/github/mohenjo-daro/Block_9/House_8/Room_18/076-026-x.png
061-047-x.png,061-047-x,House_8,Room_15,/Users/saraeichner/Desktop/github/mohenjo-daro/Block_9/House_8/Room_15/061-047-x.png
066-043-x.png,066-043-x,House_8,Room_15,/Users/saraeichner/Desktop/github/mohenjo-daro/Block_9/House_8/Room_15/066-043-x.png
054-014-x.png,054-014-x,House_8,Room_15,/Users/saraeichner/Desktop/github/mohenjo-daro/Block_9/House_8/Room_15/054-014-x.png
056-046-x.png,056-046-x,House_8,Room_15,/Users/saraeichner/Desktop/github/mohenjo-daro/Block_9/House_8/Room_15/056-046-x.png
056-052-x.png,056-052-x,House_9,Room_68,/Users/saraeichner/Desktop/github/mohenjo-daro/Block_9/House_9/Room_68/056-052-x.png
057-023-x.png,057-023-x,House_9,Room_68,/Users/saraeichner/Desktop/github/mohenjo-daro/Block_9/House_9/Room_68/057-023-x.png
077-009-x.png,077-009-x,House_9,Room_66,/Users/saraeichner/Desktop/github/mohenjo-daro/Block_9/House_9/Room_66/077-009-x.png
057-009-x.png,057-009-x,House_9,Room_65,/Users/saraeichner/Desktop/github/mohenjo-daro/Block_9/House_9/Room_65/057-009-x.png
077-019-x.png,077-019-x,House_9,Room_65,/Users/saraeichner/Desktop/github/mohenjo-daro/Block_9/House_9/Room_65/077-019-x.png
059-010-x.png,059-010-x,House_0,Room_0,/Users/saraeichner/Desktop/github/mohenjo-daro/Block_9/House_0/Room_0/059-010-x.png
059-031-x.png,059-031-x,House_0,Room_0,/Users/saraeichner/Desktop/github/mohenjo-daro/Block_9/House_0/Room_0/059-031-x.png
077-017-x.png,077-017-x,House_0,Room_90,/Users/saraeichner/Desktop/github/mohenjo-daro/Block_9/House_0/Room_90/077-017-x.png
081-008-x.png,081-008-x,House_7,Room_17,/Users/saraeichner/Desktop/github/mohenjo-daro/Block_9/House_7/Room_17/081-008-x.png
072-002-x.png,072-002-x,House_7,Room_17,/Users/saraeichner/Desktop/github/mohenjo-daro/Block_9/House_7/Room_17/072-002-x.png
060-043-x.png,060-043-x,House_7,Room_17,/Users/saraeichner/Desktop/github/mohenjo-daro/Block_9/House_7/Room_17/060-043-x.png
062-014-x.png,062-014-x,House_7,Room_17,/Users/saraeichner/Desktop/github/mohenjo-daro/Block_9/House_7/Room_17/062-014-x.png
078-001-x.png,078-001-x,House_7,Room_17,/Users/saraeichner/Desktop/github/mohenjo-daro/Block_9/House_7/Room_17/078-001-x.png
063-005-x.png,063-005-x,House_7,Room_17,/Users/saraeichner/Desktop/github/mohenjo-daro/Block_9/House_7/Room_17/063-005-x.png
055-034-x.png,055-034-x,House_7,Room_51,/Users/saraeichner/Desktop/github/mohenjo-daro/Block_9/House_7/Room_51/055-034-x.png
079-003-x.png,079-003-x,House_7,Room_48,/Users/saraeichner/Desktop/github/mohenjo-daro/Block_9/House_7/Room_48/079-003-x.png
062-032-x.png,062-032-x,House_7,Room_48,/Users/saraeichner/Desktop/github/mohenjo-daro/Block_9/House_7/Room_48/062-032-x.png
